賞,人気順,選手名,ポジション,所属,所属_チーム名,オッズ
MVP（最優秀選手）,1,Josh Allen,QB,BUF,バッファロー・ビルズ,+600
MVP（最優秀選手）,2,Lamar Jackson,QB,BAL,ボルチモア・レイブンズ,+800
MVP（最優秀選手）,3,Joe Burrow,QB,CIN,シンシナティ・ベンガルズ,+850
MVP（最優秀選手）,4,Patrick Mahomes,QB,KC,カンザスシティ・チーフス,+1000
MVP（最優秀選手）,5,Justin Herbert,QB,LAC,ロサンゼルス・チャージャーズ,+1000
MVP（最優秀選手）,6,Drake Maye,QB,NE,ニューイングランド・ペイトリオッツ,+1000
MVP（最優秀選手）,7,Dak Prescott,QB,DAL,ダラス・カウボーイズ,+1200
MVP（最優秀選手）,8,Caleb Williams,QB,CHI,シカゴ・ベアーズ,+1200
MVP（最優秀選手）,9,Matthew Stafford,QB,LAR,ロサンゼルス・ラムズ,+1400
MVP（最優秀選手）,10,Brock Purdy,QB,SF,サンフランシスコ・フォーティナイナーズ,+1800
最優秀攻撃選手,1,Jahmyr Gibbs,RB,DET,デトロイト・ライオンズ,+550
最優秀攻撃選手,2,Bijan Robinson,RB,ATL,アトランタ・ファルコンズ,+900
最優秀攻撃選手,3,Ja'Marr Chase,WR,CIN,シンシナティ・ベンガルズ,+1000
最優秀攻撃選手,4,Puka Nacua,WR,LAR,ロサンゼルス・ラムズ,+1300
最優秀攻撃選手,5,Justin Jefferson,WR,MIN,ミネソタ・バイキングス,+1400
最優秀攻撃選手,6,Christian McCaffrey,RB,SF,サンフランシスコ・フォーティナイナーズ,+1700
最優秀攻撃選手,7,Saquon Barkley,RB,PHI,フィラデルフィア・イーグルス,+2000
最優秀攻撃選手,8,Jaxon Smith-Njigba,WR,SEA,シアトル・シーホークス,+2000
最優秀攻撃選手,9,Derrick Henry,RB,BAL,ボルチモア・レイブンズ,+2200
最優秀攻撃選手,10,Jonathan Taylor,RB,IND,インディアナポリス・コルツ,+2200
最優秀守備選手,1,Myles Garrett,DE,LAR,ロサンゼルス・ラムズ,+450
最優秀守備選手,2,Will Anderson Jr.,DE,HOU,ヒューストン・テキサンズ,+500
最優秀守備選手,3,Aidan Hutchinson,DE,DET,デトロイト・ライオンズ,+750
最優秀守備選手,4,Maxx Crosby,DE,LV,ラスベガス・レイダース,+1400
最優秀守備選手,5,Nik Bonitto,LB,DEN,デンバー・ブロンコス,+1400
最優秀守備選手,6,T.J. Watt,LB,PIT,ピッツバーグ・スティーラーズ,+2000
最優秀守備選手,7,Brian Burns,LB,NYG,ニューヨーク・ジャイアンツ,+2200
最優秀守備選手,8,Danielle Hunter,DE,HOU,ヒューストン・テキサンズ,+2800
最優秀守備選手,9,Trey Hendrickson,LB,BAL,ボルチモア・レイブンズ,+2800
最優秀守備選手,10,Nick Bosa,DE,SF,サンフランシスコ・フォーティナイナーズ,+2800
最優秀攻撃新人,1,Jadarian Price,RB,SEA,シアトル・シーホークス,+650
最優秀攻撃新人,2,De'Zhaun Stribling,WR,SF,サンフランシスコ・フォーティナイナーズ,+1000
最優秀攻撃新人,3,Ja'Kobi Lane,WR,BAL,ボルチモア・レイブンズ,+1200
最優秀攻撃新人,4,KC Concepcion,WR,CLE,クリーブランド・ブラウンズ,+1800
最優秀攻撃新人,5,Mike Washington Jr.,RB,LV,ラスベガス・レイダース,+4000
最優秀攻撃新人,6,Kenyon Sadiq,TE,NYJ,ニューヨーク・ジェッツ,+4500
最優秀攻撃新人,7,Antonio Williams,WR,WSH,ワシントン・コマンダーズ,+5000
最優秀攻撃新人,8,Germie Bernard,WR,PIT,ピッツバーグ・スティーラーズ,+5000
最優秀攻撃新人,9,Cyrus Allen,WR,KC,カンザスシティ・チーフス,+5000
最優秀攻撃新人,10,Jonah Coleman,RB,DEN,デンバー・ブロンコス,+5500
最優秀守備新人,1,David Bailey,LB,NYJ,ニューヨーク・ジェッツ,+550
最優秀守備新人,2,Caleb Downs,S,DAL,ダラス・カウボーイズ,+600
最優秀守備新人,3,Sonny Styles,LB,WSH,ワシントン・コマンダーズ,+750
最優秀守備新人,4,Mansoor Delane,CB,KC,カンザスシティ・チーフス,+1100
最優秀守備新人,5,Akheem Mesidor,LB,LAC,ロサンゼルス・チャージャーズ,+1300
最優秀守備新人,6,Jacob Rodriguez,LB,MIA,マイアミ・ドルフィンズ,+1300
最優秀守備新人,7,Malachi Lawrence,LB,DAL,ダラス・カウボーイズ,+2200
最優秀守備新人,8,Dillon Thieneman,S,CHI,シカゴ・ベアーズ,+2500
最優秀守備新人,9,CJ Allen,LB,IND,インディアナポリス・コルツ,+3500
最優秀守備新人,10,Keldric Faulk,DE,TEN,テネシー・タイタンズ,+3500
最優秀コーチ,1,Kellen Moore,HC,NO,ニューオーリンズ・セインツ,+1200
最優秀コーチ,2,Klint Kubiak,HC,LV,ラスベガス・レイダース,+1500
最優秀コーチ,3,Jim Harbaugh,HC,LAC,ロサンゼルス・チャージャーズ,+2000
最優秀コーチ,4,Kevin O'Connell,HC,MIN,ミネソタ・バイキングス,+2000
最優秀コーチ,5,Dan Campbell,HC,DET,デトロイト・ライオンズ,+2500
最優秀コーチ,6,Aaron Glenn,HC,NYJ,ニューヨーク・ジェッツ,+2800
最優秀コーチ,7,Zac Taylor,HC,CIN,シンシナティ・ベンガルズ,+2800
最優秀コーチ,8,Dave Canales,HC,CAR,カロライナ・パンサーズ,+3000
最優秀コーチ,9,DeMeco Ryans,HC,HOU,ヒューストン・テキサンズ,+3000
最優秀コーチ,10,Todd Bowles,HC,TB,タンパベイ・バッカニアーズ,+5000
カムバック賞,1,Patrick Mahomes,QB,KC,カンザスシティ・チーフス,+185
カムバック賞,2,Jayden Daniels,QB,WSH,ワシントン・コマンダーズ,+450
カムバック賞,3,Kyler Murray,QB,MIN,ミネソタ・バイキングス,+600
カムバック賞,4,Daniel Jones,QB,IND,インディアナポリス・コルツ,+1400
カムバック賞,5,Malik Nabers,WR,NYG,ニューヨーク・ジャイアンツ,+1400
カムバック賞,6,Micah Parsons,DE,GB,グリーンベイ・パッカーズ,+1600
カムバック賞,7,George Kittle,TE,SF,サンフランシスコ・フォーティナイナーズ,+2500
カムバック賞,8,Fred Warner,LB,SF,サンフランシスコ・フォーティナイナーズ,+2500
カムバック賞,9,Nick Bosa,DE,SF,サンフランシスコ・フォーティナイナーズ,+2500
カムバック賞,10,Travis Hunter,WR,JAX,ジャクソンビル・ジャガーズ,+2500
