略称,チーム名,選手名,ポジション,状態,負傷箇所
ARI,アリゾナ・カージナルス,Tip Reiman,TE,出場不可,Ankle
ARI,アリゾナ・カージナルス,Kaleb Proctor,DT,故障者リスト(今季絶望〜長期),Knee - Meniscus
ARI,アリゾナ・カージナルス,Zachary Carter,DT,故障者リスト(今季絶望〜長期),Knee
ARI,アリゾナ・カージナルス,James Conner,RB,故障者リスト(今季絶望〜長期),Foot
ARI,アリゾナ・カージナルス,Trey Benson,RB,故障者リスト(今季絶望〜長期),Knee
ATL,アトランタ・ファルコンズ,Storm Norton,OT,出場不可,Foot
ATL,アトランタ・ファルコンズ,Michael Penix Jr.,QB,出場不可,Knee - ACL
ATL,アトランタ・ファルコンズ,Anterio Thompson,DT,出場不可,Undisclosed
ATL,アトランタ・ファルコンズ,Trey Sermon,RB,故障者リスト(今季絶望〜長期),Undisclosed
ATL,アトランタ・ファルコンズ,Keshawn Banks,DE,故障者リスト(今季絶望〜長期),Undisclosed
ATL,アトランタ・ファルコンズ,JD Bertrand,LB,故障者リスト(今季絶望〜長期),Undisclosed
ATL,アトランタ・ファルコンズ,Beaux Collins,WR,故障者リスト(今季絶望〜長期),Undisclosed
ATL,アトランタ・ファルコンズ,Malik Verdon,LB,故障者リスト(今季絶望〜長期),Undisclosed
BAL,ボルチモア・レイブンズ,Bilhal Kone,CB,故障者リスト(今季絶望〜長期),Lower Body
BAL,ボルチモア・レイブンズ,Adam Randall,RB,故障者リスト(今季絶望〜長期),Undisclosed
BAL,ボルチモア・レイブンズ,Danny Pinter,C,故障者リスト(今季絶望〜長期),Knee
BAL,ボルチモア・レイブンズ,Jahquez Robinson,S,故障者リスト(今季絶望〜長期),Undisclosed
BAL,ボルチモア・レイブンズ,Skylar Thompson,QB,故障者リスト(今季絶望〜長期),Undisclosed
BUF,バッファロー・ビルズ,Tyrell Shavers,WR,出場不可,Knee - ACL
BUF,バッファロー・ビルズ,Dorian Strong,CB,出場不可,Neck
BUF,バッファロー・ビルズ,Zane Durant,DT,故障者リスト(今季絶望〜長期),Undisclosed
CAR,カロライナ・パンサーズ,Taylor Moton,OT,出場不可,Illness
CAR,カロライナ・パンサーズ,Ikem Ekwonu,OT,出場不可,Knee
CAR,カロライナ・パンサーズ,Tershawn Wharton,DT,出場不可,Neck
CAR,カロライナ・パンサーズ,Trevor Etienne,RB,故障者リスト(今季絶望〜長期),Ankle
CAR,カロライナ・パンサーズ,Brady Christensen,G,故障者リスト(今季絶望〜長期),Hamstring
CAR,カロライナ・パンサーズ,Bam Martin-Scott,LB,故障者リスト(今季絶望〜長期),Hamstring
CHI,シカゴ・ベアーズ,Kyler Gordon,CB,出場不可,Calf
CHI,シカゴ・ベアーズ,Shemar Turner,DT,出場不可,Knee - ACL
CHI,シカゴ・ベアーズ,Noah Sewell,LB,出場不可,Achilles
CHI,シカゴ・ベアーズ,Dallis Flowers,CB,故障者リスト(今季絶望〜長期),Leg
CHI,シカゴ・ベアーズ,Jonathan Garvin,DE,故障者リスト(今季絶望〜長期),Undisclosed
CHI,シカゴ・ベアーズ,Hayden Large,TE,故障者リスト(今季絶望〜長期),Undisclosed
CHI,シカゴ・ベアーズ,Coby Bryant,S,故障者リスト(今季絶望〜長期),Knee
CHI,シカゴ・ベアーズ,Ruben Hyppolite II,LB,故障者リスト(今季絶望〜長期),Shoulder
CHI,シカゴ・ベアーズ,Beanie Bishop Jr.,CB,故障者リスト(今季絶望〜長期),Suspension
CHI,シカゴ・ベアーズ,Tony Fields II,LB,故障者リスト(今季絶望〜長期),Undisclosed
CHI,シカゴ・ベアーズ,Brittain Brown,RB,故障者リスト(今季絶望〜長期),Undisclosed
CIN,シンシナティ・ベンガルズ,Brian Parker II,OT,故障者リスト(今季絶望〜長期),Undisclosed
CIN,シンシナティ・ベンガルズ,Ja'Sir Taylor,CB,故障者リスト(今季絶望〜長期),Undisclosed
CLE,クリーブランド・ブラウンズ,Jeremiah Owusu-Koramoah,LB,出場不可,Neck
CLE,クリーブランド・ブラウンズ,Joe Royer,TE,出場不可,Personal
CLE,クリーブランド・ブラウンズ,Dillon Gabriel,QB,故障者リスト(今季絶望〜長期),Back
CLE,クリーブランド・ブラウンズ,Kendrick Green,G,故障者リスト(今季絶望〜長期),Undisclosed
CLE,クリーブランド・ブラウンズ,Kalia Davis,DT,故障者リスト(今季絶望〜長期),Quadriceps
CLE,クリーブランド・ブラウンズ,Edefuan Ulofoshio,LB,故障者リスト(今季絶望〜長期),Biceps
CLE,クリーブランド・ブラウンズ,Elijah Chatman,DT,故障者リスト(今季絶望〜長期),Quadriceps
CLE,クリーブランド・ブラウンズ,Travis Bell,DT,故障者リスト(今季絶望〜長期),Eye
CLE,クリーブランド・ブラウンズ,Alex Wright,DE,故障者リスト(今季絶望〜長期),Achilles
DAL,ダラス・カウボーイズ,Tyler Smith,G,出場不可,Thumb
DAL,ダラス・カウボーイズ,Devin Moore,CB,故障者リスト(今季絶望〜長期),Undisclosed
DAL,ダラス・カウボーイズ,Matt Hennessy,C,故障者リスト(今季絶望〜長期),Neck
DAL,ダラス・カウボーイズ,DJ Rogers,TE,故障者リスト(今季絶望〜長期),Knee
DAL,ダラス・カウボーイズ,Marist Liufau,LB,故障者リスト(今季絶望〜長期),Forearm
DAL,ダラス・カウボーイズ,Kelvin Gilliam Jr.,DT,故障者リスト(今季絶望〜長期),Triceps
DAL,ダラス・カウボーイズ,Princeton Fant,TE,故障者リスト(今季絶望〜長期),Knee - ACL + MCL
DEN,デンバー・ブロンコス,Jonathon Cooper,LB,出場不可,Undisclosed
DEN,デンバー・ブロンコス,Nick Gargiulo,G,出場不可,Knee - ACL
DEN,デンバー・ブロンコス,Frank Crum,OT,故障者リスト(今季絶望〜長期),Undisclosed
DEN,デンバー・ブロンコス,Caleb Lohner,TE,故障者リスト(今季絶望〜長期),Lower Body
DEN,デンバー・ブロンコス,Levelle Bailey,LB,故障者リスト(今季絶望〜長期),Leg
DEN,デンバー・ブロンコス,Matt Henningsen,DE,故障者リスト(今季絶望〜長期),Achilles
DEN,デンバー・ブロンコス,Michael Deiter,C,故障者リスト(今季絶望〜長期),Quadriceps
DET,デトロイト・ライオンズ,Giovanni Manu,OT,出場不可,Knee
DET,デトロイト・ライオンズ,Kerby Joseph,S,出場不可,Knee
DET,デトロイト・ライオンズ,Brian Branch,S,出場不可,Achilles
DET,デトロイト・ライオンズ,Payton Turner,DE,故障者リスト(今季絶望〜長期),Back
DET,デトロイト・ライオンズ,Isiah Pacheco,RB,故障者リスト(今季絶望〜長期),Back
DET,デトロイト・ライオンズ,Cade Mays,C,故障者リスト(今季絶望〜長期),Wrist
DET,デトロイト・ライオンズ,Damone Clark,LB,故障者リスト(今季絶望〜長期),Undisclosed
GB,グリーンベイ・パッカーズ,Jordon Riley,DT,出場不可,Achilles
GB,グリーンベイ・パッカーズ,Josh Jacobs,RB,出場不可,Personal
GB,グリーンベイ・パッカーズ,Luke Musgrave,TE,出場不可,Neck
GB,グリーンベイ・パッカーズ,Micah Parsons,DE,出場不可,Knee - ACL
GB,グリーンベイ・パッカーズ,Savion Williams,WR,故障者リスト(今季絶望〜長期),Ankle
GB,グリーンベイ・パッカーズ,Collin Oliver,DE,故障者リスト(今季絶望〜長期),Achilles
GB,グリーンベイ・パッカーズ,Trey Dean III,S,故障者リスト(今季絶望〜長期),Undisclosed
GB,グリーンベイ・パッカーズ,Thomas Yassmin,TE,故障者リスト(今季絶望〜長期),Undisclosed
HOU,ヒューストン・テキサンズ,M.J. Stewart,S,出場不可,Quadriceps
HOU,ヒューストン・テキサンズ,E.J. Speed,LB,出場不可,Quadriceps
HOU,ヒューストン・テキサンズ,Jayden Higgins,WR,故障者リスト(今季絶望〜長期),Knee - ACL
HOU,ヒューストン・テキサンズ,Tank Dell,WR,故障者リスト(今季絶望〜長期),Knee - ACL + MCL
HOU,ヒューストン・テキサンズ,Sam Hagen,G,故障者リスト(今季絶望〜長期),Undisclosed
HOU,ヒューストン・テキサンズ,Braden Smith,OT,故障者リスト(今季絶望〜長期),Foot
HOU,ヒューストン・テキサンズ,Solomon Byrd,DE,故障者リスト(今季絶望〜長期),Ankle
HOU,ヒューストン・テキサンズ,Ali Gaye,DE,故障者リスト(今季絶望〜長期),Knee
HOU,ヒューストン・テキサンズ,Ja'Marcus Ingram,CB,故障者リスト(今季絶望〜長期),Shoulder
HOU,ヒューストン・テキサンズ,Dylan Horton,DE,故障者リスト(今季絶望〜長期),Achilles
IND,インディアナポリス・コルツ,Carson Towt,TE,故障者リスト(今季絶望〜長期),Undisclosed
IND,インディアナポリス・コルツ,D.J. Montgomery,WR,故障者リスト(今季絶望〜長期),Abdomen
IND,インディアナポリス・コルツ,Will Mallory,TE,故障者リスト(今季絶望〜長期),Thumb
IND,インディアナポリス・コルツ,Cameron Mitchell,CB,故障者リスト(今季絶望〜長期),Undisclosed
JAX,ジャクソンビル・ジャガーズ,Sam Mustipher,C,故障者リスト(今季絶望〜長期),Undisclosed
JAX,ジャクソンビル・ジャガーズ,Patrick Mekari,G,故障者リスト(今季絶望〜長期),Back
JAX,ジャクソンビル・ジャガーズ,Zach Durfee,DE,故障者リスト(今季絶望〜長期),Upper Body
JAX,ジャクソンビル・ジャガーズ,Parker Hughes,LB,故障者リスト(今季絶望〜長期),Undisclosed
JAX,ジャクソンビル・ジャガーズ,Jared Bartlett,LB,故障者リスト(今季絶望〜長期),Leg
JAX,ジャクソンビル・ジャガーズ,Garrett DiGiorgio,OT,故障者リスト(今季絶望〜長期),Undisclosed
KC,カンザスシティ・チーフス,Omarr Norman-Lott,DT,出場不可,Knee - ACL
KC,カンザスシティ・チーフス,Jimmy Holiday,WR,故障者リスト(今季絶望〜長期),Undisclosed
KC,カンザスシティ・チーフス,Jeff Caldwell,WR,故障者リスト(今季絶望〜長期),Knee
KC,カンザスシティ・チーフス,Matt Waletzko,OT,故障者リスト(今季絶望〜長期),Undisclosed
LAC,ロサンゼルス・チャージャーズ,Isaiah World,OT,出場不可,Knee
LAC,ロサンゼルス・チャージャーズ,Denzel Perryman,LB,故障者リスト(今季絶望〜長期),Undisclosed
LAC,ロサンゼルス・チャージャーズ,Dalevon Campbell,WR,故障者リスト(今季絶望〜長期),Leg
LAC,ロサンゼルス・チャージャーズ,Scott Matlock,FB,故障者リスト(今季絶望〜長期),Undisclosed
LAC,ロサンゼルス・チャージャーズ,Branson Taylor,G,故障者リスト(今季絶望〜長期),Undisclosed
LAC,ロサンゼルス・チャージャーズ,Tyler Biadasz,C,故障者リスト(今季絶望〜長期),Knee
LAR,ロサンゼルス・ラムズ,Aaron Donald,DT,出場不可,Coach's Decision
LAR,ロサンゼルス・ラムズ,Keir Thomas II,LB,故障者リスト(今季絶望〜長期),Groin
LAR,ロサンゼルス・ラムズ,Alex Johnson,CB,故障者リスト(今季絶望〜長期),Undisclosed
LAR,ロサンゼルス・ラムズ,Justin Dedich,G,故障者リスト(今季絶望〜長期),Undisclosed
LAR,ロサンゼルス・ラムズ,Keagen Trost,OT,故障者リスト(今季絶望〜長期),Hamstring
LAR,ロサンゼルス・ラムズ,Matthew Caldwell,QB,故障者リスト(今季絶望〜長期),Undisclosed
LAR,ロサンゼルス・ラムズ,Daniel Rickert,DE,故障者リスト(今季絶望〜長期),Knee
LV,ラスベガス・レイダース,Dont'e Thornton Jr.,WR,故障者リスト(今季絶望〜長期),Undisclosed
LV,ラスベガス・レイダース,Carter Runyon,TE,故障者リスト(今季絶望〜長期),Undisclosed
LV,ラスベガス・レイダース,Keyron Crawford,DE,故障者リスト(今季絶望〜長期),Ankle
LV,ラスベガス・レイダース,Chigozie Anusiem,CB,故障者リスト(今季絶望〜長期),Knee
LV,ラスベガス・レイダース,Justin Pickett,G,故障者リスト(今季絶望〜長期),Undisclosed
LV,ラスベガス・レイダース,Brennan Jackson,LB,故障者リスト(今季絶望〜長期),Undisclosed
LV,ラスベガス・レイダース,Chris Collier,RB,故障者リスト(今季絶望〜長期),Undisclosed
MIA,マイアミ・ドルフィンズ,Storm Duck,CB,出場不可,Knee
MIA,マイアミ・ドルフィンズ,Darrell Baker Jr.,CB,出場不可,Undisclosed
MIA,マイアミ・ドルフィンズ,Trey Moore,LB,故障者リスト(今季絶望〜長期),Ankle
MIA,マイアミ・ドルフィンズ,Kenneth Grant,DT,故障者リスト(今季絶望〜長期),Leg
MIA,マイアミ・ドルフィンズ,Ben Sims,TE,故障者リスト(今季絶望〜長期),Undisclosed
MIA,マイアミ・ドルフィンズ,Cole Turner,TE,故障者リスト(今季絶望〜長期),Undisclosed
MIN,ミネソタ・バイキングス,Ben Yurosek,TE,故障者リスト(今季絶望〜長期),Undisclosed
MIN,ミネソタ・バイキングス,Marcus Allen,CB,故障者リスト(今季絶望〜長期),Undisclosed
MIN,ミネソタ・バイキングス,Jermar Jefferson,RB,故障者リスト(今季絶望〜長期),Undisclosed
MIN,ミネソタ・バイキングス,Michael Jurgens,C,故障者リスト(今季絶望〜長期),Undisclosed
MIN,ミネソタ・バイキングス,Tyler Batty,LB,故障者リスト(今季絶望〜長期),Knee - ACL
MIN,ミネソタ・バイキングス,Jamal Adams,LB,故障者リスト(今季絶望〜長期),Quadriceps
NE,ニューイングランド・ペイトリオッツ,TreVeyon Henderson,RB,出場不可,Ankle
NE,ニューイングランド・ペイトリオッツ,Brenden Schooler,S,出場不可,Undisclosed
NE,ニューイングランド・ペイトリオッツ,Ben Brown,C,出場不可,Knee
NE,ニューイングランド・ペイトリオッツ,Harold Landry III,LB,出場不可,Undisclosed
NE,ニューイングランド・ペイトリオッツ,Bryce Baringer,P,故障者リスト(今季絶望〜長期),Undisclosed
NE,ニューイングランド・ペイトリオッツ,Khalil Jacobs,LB,故障者リスト(今季絶望〜長期),Undisclosed
NE,ニューイングランド・ペイトリオッツ,Isaiah Iton,DT,故障者リスト(今季絶望〜長期),Undisclosed
NE,ニューイングランド・ペイトリオッツ,Marcus Bryant,OT,故障者リスト(今季絶望〜長期),Ankle
NE,ニューイングランド・ペイトリオッツ,Myles Montgomery,RB,故障者リスト(今季絶望〜長期),Undisclosed
NO,ニューオーリンズ・セインツ,Mason Tipton,WR,出場不可,Leg
NO,ニューオーリンズ・セインツ,Lorenzo Styles Jr.,S,故障者リスト(今季絶望〜長期),Calf
NO,ニューオーリンズ・セインツ,Dillon Radunz,G,故障者リスト(今季絶望〜長期),Knee - ACL
NO,ニューオーリンズ・セインツ,Jaylan Ford,LB,故障者リスト(今季絶望〜長期),Undisclosed
NO,ニューオーリンズ・セインツ,David Long Jr.,CB,故障者リスト(今季絶望〜長期),Undisclosed
NO,ニューオーリンズ・セインツ,Jordyn Tyson,WR,故障者リスト(今季絶望〜長期),Hamstring
NO,ニューオーリンズ・セインツ,Moliki Matavao,TE,故障者リスト(今季絶望〜長期),Knee
NO,ニューオーリンズ・セインツ,Ty Chandler,RB,故障者リスト(今季絶望〜長期),Knee
NO,ニューオーリンズ・セインツ,Rejzohn Wright,CB,故障者リスト(今季絶望〜長期),Hip
NYG,ニューヨーク・ジャイアンツ,Roy Robertson-Harris,DT,故障者リスト(今季絶望〜長期),Achilles
NYG,ニューヨーク・ジャイアンツ,Korie Black,CB,故障者リスト(今季絶望〜長期),Undisclosed
NYG,ニューヨーク・ジャイアンツ,Calvin Austin III,WR,故障者リスト(今季絶望〜長期),Knee
NYG,ニューヨーク・ジャイアンツ,Jarrick Bernard-Converse,CB,故障者リスト(今季絶望〜長期),Knee
NYJ,ニューヨーク・ジェッツ,Tyler Baron,DE,出場不可,Knee
NYJ,ニューヨーク・ジェッツ,VJ Payne,S,故障者リスト(今季絶望〜長期),Undisclosed
NYJ,ニューヨーク・ジェッツ,Kingsley Jonathan,DE,故障者リスト(今季絶望〜長期),Thigh
NYJ,ニューヨーク・ジェッツ,Tre Brown,CB,故障者リスト(今季絶望〜長期),Undisclosed
NYJ,ニューヨーク・ジェッツ,Chip Trayanum,RB,故障者リスト(今季絶望〜長期),Neck
NYJ,ニューヨーク・ジェッツ,Anez Cooper,G,故障者リスト(今季絶望〜長期),Shoulder
PHI,フィラデルフィア・イーグルス,Andre' Sam,S,故障者リスト(今季絶望〜長期),Foot
PHI,フィラデルフィア・イーグルス,Jakorian Bennett,CB,故障者リスト(今季絶望〜長期),Knee
PHI,フィラデルフィア・イーグルス,Grant Calcaterra,TE,故障者リスト(今季絶望〜長期),Back
PHI,フィラデルフィア・イーグルス,Johnny Wilson,WR,故障者リスト(今季絶望〜長期),Knee
PIT,ピッツバーグ・スティーラーズ,Donte Kent,CB,出場不可,Undisclosed
PIT,ピッツバーグ・スティーラーズ,DeShon Elliott,S,故障者リスト(今季絶望〜長期),Undisclosed
PIT,ピッツバーグ・スティーラーズ,Jack Driscoll,OT,故障者リスト(今季絶望〜長期),Undisclosed
PIT,ピッツバーグ・スティーラーズ,Logan Lee,DT,故障者リスト(今季絶望〜長期),Undisclosed
SEA,シアトル・シーホークス,Ty Okada,S,出場不可,Hamstring
SEA,シアトル・シーホークス,Zach Charbonnet,RB,出場不可,Knee - ACL
SEA,シアトル・シーホークス,Terrion Arnold,CB,出場不可,Undisclosed
SEA,シアトル・シーホークス,Irv Charles,WR,故障者リスト(今季絶望〜長期),Undisclosed
SEA,シアトル・シーホークス,Mason Richman,G,故障者リスト(今季絶望〜長期),Leg
SEA,シアトル・シーホークス,Bud Clark,S,故障者リスト(今季絶望〜長期),Ankle
SF,サンフランシスコ・フォーティナイナーズ,Alfred Collins,DT,出場不可,Knee
SF,サンフランシスコ・フォーティナイナーズ,Mykel Williams,DE,出場不可,Knee - ACL
SF,サンフランシスコ・フォーティナイナーズ,Nate Hobbs,CB,故障者リスト(今季絶望〜長期),Groin
SF,サンフランシスコ・フォーティナイナーズ,Sam Okuayinonu,DT,故障者リスト(今季絶望〜長期),Foot
SF,サンフランシスコ・フォーティナイナーズ,Nick Martin,LB,故障者リスト(今季絶望〜長期),Hamstring
SF,サンフランシスコ・フォーティナイナーズ,Nick Zakelj,OT,故障者リスト(今季絶望〜長期),Undisclosed
TB,タンパベイ・バッカニアーズ,Josh Hayes,CB,故障者リスト(今季絶望〜長期),Knee
TB,タンパベイ・バッカニアーズ,Mohamed Kamara,LB,故障者リスト(今季絶望〜長期),Knee
TB,タンパベイ・バッカニアーズ,David Sills V,WR,故障者リスト(今季絶望〜長期),Undisclosed
TB,タンパベイ・バッカニアーズ,Deshawn McKnight,DT,故障者リスト(今季絶望〜長期),Hamstring
TEN,テネシー・タイタンズ,Milo Eifler,LB,故障者リスト(今季絶望〜長期),Undisclosed
TEN,テネシー・タイタンズ,Kendell Brooks,S,故障者リスト(今季絶望〜長期),Undisclosed
TEN,テネシー・タイタンズ,Tanoh Kpassagnon,DE,故障者リスト(今季絶望〜長期),Undisclosed
TEN,テネシー・タイタンズ,Dorian Mausi,LB,故障者リスト(今季絶望〜長期),Undisclosed
TEN,テネシー・タイタンズ,Joshua Williams,CB,故障者リスト(今季絶望〜長期),Pectoral
TEN,テネシー・タイタンズ,Jaylen Harrell,LB,故障者リスト(今季絶望〜長期),Knee - ACL
TEN,テネシー・タイタンズ,Jaren Kanak,TE,故障者リスト(今季絶望〜長期),Pectoral
WSH,ワシントン・コマンダーズ,Deatrich Wise Jr.,DE,出場不可,Quadriceps
WSH,ワシントン・コマンダーズ,Curtis Jacobs,LB,故障者リスト(今季絶望〜長期),Undisclosed
WSH,ワシントン・コマンダーズ,Quentin Moore,TE,故障者リスト(今季絶望〜長期),Undisclosed
WSH,ワシントン・コマンダーズ,Jacoby Jones,WR,故障者リスト(今季絶望〜長期),Undisclosed
WSH,ワシントン・コマンダーズ,Jer'Zhan Newton,DT,故障者リスト(今季絶望〜長期),Pectoral
WSH,ワシントン・コマンダーズ,Laremy Tunsil,OT,故障者リスト(今季絶望〜長期),Triceps
WSH,ワシントン・コマンダーズ,Trey Amos,CB,故障者リスト(今季絶望〜長期),Ankle
WSH,ワシントン・コマンダーズ,Jeremy McNichols,RB,故障者リスト(今季絶望〜長期),Quadriceps
